1;JOUVENEL Bertrand (de)
2;VAN DAM André
3;LEGRAIN Dominique
4;MONOD Jérôme
5;MONTGOLFIER Jean (de)
6;ZORGBIBE Charles
7;FONTELA Emilio
8;CARRON Alain-Marie
9;CAZES Bernard
10;ISHOW Habib
11;RIBOUD Jacques
12;DATAR
13;COMMISSION SUDREAU
14;NULL
15;DUPUY Jean-Pierre
16;KARSENTY Serge
17;DERIAN Jean-Claude
18;WEIL Alain
19;THUROW Lester C.
20;SIMONDE DE SISMONDI J. C. L.
21;DROR Yehezkel
22;SAUVAGEOT Jacques
23;GUILLEMIN Claude
24;FRÉMONT Félix
25;CÉRON Jean-Paul
26;HOURCADE Jean-Charles
27;SCHIRAY Michel
28;RUSTANT Maurice
29;DURAND Jacques
30;KENNET Lord
31;INDUSTRIE ET SOCIÉTÉ
32;BLOCH-LAINÉ François
33;TESSIER Jacques
34;KOLM Serge-Christophe
35;RAINELLI Pierre
36;FRISCH Jean-Romain
37;TÉNIERE-BUCHOT Pierre-Frédéric
38;BELLINI James
39;POQUET Guy
40;BROWN Lester R.
41;HOTTOVY Tibor
42;LE BRETON Jean-Marie
43;BOUCHET Jean
44;BARBIERI MASINI Eleonora
45;FUTURIBLES INTERNATIONAL
46;METTLER Peter
47;GODCHOT Jacques
48;TOFFLER Alvin
49;DIENEL Peter C.
50;APTER David E.
51;JUNGK Robert
52;JULIEN Pierre-André
53;LAMONDE Pierre
54;LATOUCHE Daniel
55;BAILLON Jean
56;GODARD Olivier
57;BENOIST Jean
58;BÉNÉTON Philippe
59;DESROCHE Henri
60;BERTAUX Pierre
61;ANTOINE Serge
62;BERTOLINI Gérard
63;LAGADEC Patrick
64;RIBEILL Georges
65;THOM René
66;GUERNIER Maurice
67;CEPPE Jean-Louis
68;MENDRAS Henri
69;ROUX Jean-Michel
70;SIMONET Jean-Louis
71;LAPERROUSAZ Michèle
72;MURON Jean-Louis
73;FLORENZANO Jean
74;SICINSKI Andrzej
75;CHADENET Bernard
76;SAINT-GEOURS Jean
77;BACHY Jean-Paul
78;ROQUES Georges
79;CABUROL Guy
80;GALPIN Gérard
81;WICKHAM Sylvain
82;MELKA Raymond
83;LACOUR Claude
84;BESTUZHEV-LADA Igor V.
85;GIARINI Orio
86;SHONFIELD Andrew
87;MARIEN Michael
88;PAGÉ Jean-Pierre
89;HUGONNIER Bernard
90;CFDT-CNPF-CGC
91;BYLINSKY Gene
92;MORGAN Nicole S.
93;JACQUARD Albert
94;CLERC François
95;SCARDIGLI Victor
96;SALLANTIN Xavier
97;NAVARIN Jacques
98;VIEILLARD Jean-Michel
99;INTERSOCIAL
100;MORALES-ARCE Rafael
101;GABUS André
102;MARTIN I.
103;SINDELL P.S.
104;SMITH J.G.
105;VALASKAKIS Kimon
106;COLE Sam
107;MILES Ian
108;GOBLOT René
109;FRIEDMAN Yona
110;SACHS Karol
111;BOURGUE Vincent
112;LYS Jacques
113;LEYSSIEUX Jean-Claude
114;FERRARI Achille
115;LATTES Robert
116;RESOURCES FOR THE FUTURE
117;GARRIGUES Colette
118;MERCIER Jean-Roger
119;RENFRO William L.
120;GENTIL Geneviève
121;COLLINET Jean-François
122;VARINE Hugues de
123;BELLEVILLE Pierre
124;BARBIER-BOUVET Jean-François
125;TIMBART Odile
126;GIRARD Augustin
127;FABRIZIO Claude
128;MOLLARD Claude
129;CARDONA Janine
130;CATY Gilbert-François
131;FALQUE Max
132;CORNIERE Paul
133;CARRÉ Olivier
134;COUSIN Jacques
135;MACISAAC Jean
136;ASSOCIATION DES AGES
137;POULLIER Jean-Pierre
138;BARRAL Paul-Étienne
139;STOFFAËS Christian
140;MATOUK Jean
141;MASSON Jean-Claude
142;GODET Michel
143;RUYSSEN Olivier
144;PARANT Alain
145;BESSE Dominique
146;SAINT-GEOURS Frédéric
147;PUISEUX Louis
148;KOUSNETZOFF Nina
149;DARTOIS Laurent
150;GRENON Michel
151;LENOIR Jacques
152;STREIFF C.
153;COLLI Jean-Claude
154;SAKAMOTO Masahiro
155;VERMONT René
156;LESOURNE Jacques
157;MÉDRINAL Carole
158;WISSA WASSEF Céres
159;GAUDIN Thierry
160;GUILLAUME Marc
161;HUBER Joseph
162;BOISOT Marcel
163;Mc HALE Magda
164;FNEPE
165;PITROU Agnès
166;DESROCHES Paulin
167;CHOMBART DE LAUWE Marie-Josée
168;WASSERMAN Francis
169;MALKIN Daniel
170;STOLÉRU Lionel
171;KLATZMANN Rosine
172;WEMEGAH Monica
173;Barde Jean-Philippe
174;POTIER Michel
175;CHARREYRON PERCHET Anne
176;BEULLAC Christian
177;BOTKIN James
178;SEINGES Henri-Paul
179;VONECHE Jacques
180;JOUVENEL Hugues (de)
181;CLAUSTRE Vincent
182;KRESSMANN Edouard
183;HENRY Claude
184;RÉMOND-GOUILLOUD Martine
185;CRISP Rodney
186;LEPAGE JESSUA Corinne
187;GÉRONDEAU Christian
188;NOWICKI Nicole
189;BELHOSTE Jean-François
190;FAGNANI Francis
191;STOURDZÉ Yves
192;TARDY Gérard
193;PLASSARD Jacques
194;CGP (Commissariat général du Plan)
195;INSEE (Institut national de la statistique et des études économiques)
196;HAUCHECORNE Jean
197;LEGRAND Jean
198;HENDERSON Carter
199;CHARTIER Philippe
200;GAC André
201;FOUQUE Bertrand
202;SOUCHON Christian
203;MARCHETTI Cesare
204;COMMISSION DES COMMUNAUTÉS EUROPÉENNES
205;RONDEST Janine
206;PETRELLA Riccardo
207;SULLEROT Évelyne
208;KING Alexander
209;PAVITT Keith
210;TAVITIAN Robert
211;HIEMENZ Ulrich
212;KLATZMANN Joseph
213;BACKSTRAND Göran
214;MONEO Jesus
215;FRIEBE Klaus
216;GÉRARDIN Lucien
217;HUBER Roland
218;ZEGVELD Walter
219;COURCIER Michel
220;PECCEI Aurelio
221;PAÏTRA Jacques
222;TROGNON Alain
223;'L''HARDY Philippe'
224;DUBOIS Paul
225;SACHS Ignacy
226;VINAVER Krystina
227;KENTON John
228;SANGUINETTI Alexandre
229;HOFFMAN Stanley
230;REISKY DE DUBNIC Vladimir
231;WILES Peter
232;HELLER Michel
233;KRIEGEL Annie
234;KENDE Pierre
235;LEY Hian
236;TOULEMON Robert
237;COUZY Alain
238;ELMANDJRA Mahdi
239;ALBERT Michel
240;DANZIN André
241;GIROUD Françoise
242;ATTALI Jacques
243;ROHDE Éric
244;GRIVET Pierre
245;GLOWINSKI Albert
246;ZEMAN Zavis
247;MISSIKA Jean-Louis
248;FRIEDRICHS Günter
249;BOISARD Pierre
250;RANCHON Patrick
251;ROTHWELL Roy
252;TÉBÉKA Jacques
253;U.S. DEPARTMENT OF STATE. COUNCIL ON ENVIRONMENTAL QUALITY
254;BATLLE Annie
255;BUREAU DU PREMIER MINISTRE JAPONAIS
256;CATHELAT Bernard
257;SANDI Ana Maria
258;PEYROT Jean
259;FAST-CCE
260;MALITZA Mircea
261;CURIEN Hubert
262;BRACHET Gérard
263;CHABREUIL Aline
264;LENNERTZ Dieter
265;LAGARDE Jean-Bernard
266;BRENDLE Patrice
267;BOUILLOT Jean-Claude
268;BIGNIER Michel
269;COHENDET Patrick
270;LARUE de TOURNEMINE Régis
271;DESSEIGNE Gérard
272;DEMERLIAC Yves
273;JURDANT Baudouin
274;REUTER Helga
275;LOGSDON John M.
276;DUPAS Alain
277;LEBEAU André
278;REUTER Karl-Egon
279;ARETS Jean
280;PASSET René
281;AUJAC Henri
282;CHAMOUX Jean-Pierre
283;MAESTRE Claude J.
284;COCHEMÉ Bernard
285;EME Bernard
286;LAPLUME Yves
287;AMSELLE Jean-Loup
288;GROSFELD Irena
289;SMOLAR Aleksander
290;LE QUÉMENT Joël
291;VIIIe Plan
292;FILLION Alain
293;MAAREK Gérard
294;CHASSÉRIAUX Jean-Michel
295;Mc INNES Geneviève
296;HAËNTJENS Jean
297;BOROT Damien
298;Rabier Jacques-René
299;EUROFORUM
300;BABEAU André
301;LEBART Ludovic
302;PERGLER Peter
303;MOLTKE Konrad von
304;TRINK Claude-Emmanuel
305;SIREYJOL François
306;MEISSNER Werner
307;FAUDRY-BRENAC Édith
308;VESSERON Philippe
309;LEJEUNE Raymond
310;ALEXANDRE Ariel
311;BARRÉ Rémi
312;BORDET Jean-Pierre
313;LAMBERT Jacques
314;TRINITY COLLEGE
315;CONNORD-LAJAMBE Hélène
316;CLAVERIE Maurice
317;BUSINESS WEEK
318;HAUTEFEUILLE Annie
319;REHN Gösta
320;ROBERT Michel
321;TOURAINE Alain
322;ROSANVALLON Pierre
323;LEMATTRE Patrick
324;PASSARIS Solange
325;COLIN Jean-François
326;TERIET Bernhard
327;AZNAR Guy
328;DROUET Dominique
329;DURAND Colette
330;MATHIEU Hervé
331;LEROY Claude
332;LETOURNEUR Dominique
333;DELPLANQUE Bernard
334;LAFERRERE Sylvie
335;MERLEAU PONTY Claire
336;TARDY Anne
337;BENOUN Marc
338;SÉNICOURT Patrick
339;BATTINI Pierre
340;MAIER Hans E.
341;ZUSCOVITCH Ehud
342;FREY Bruno S.
343;POMMEREHNE Werner W.
344;CHADEAU Ann
345;FOUQUET Annie
346;CLAEYS BOUUAERT Ignace
347;ALBOUY Marc
348;ROSNAY (de) Joël
349;MACLOUF Pierre
350;DAVID Jacques E.
351;GORZ André
352;STEVENS Jean-François
353;PFEIFFER Lucien
354;ZÉMOR Pierre
355;DER THIAM Iba
356;ROBIN Jacques
357;ROQUEPLO Philippe
358;HORS Michel
359;LELU Alain
360;MARCHAND Marie
361;RICHARDSON John M.
362;MENDRAS Marie
363;BERTRAND René
364;BRETON Jean-Louis
365;DEBBASCH Charles
366;VIRIEUX Jean-Marc
367;VULPIAN Alain (de)
368;DUPUY François
369;VIÉ Jean-Émile
370;VUITTON Philippe
371;SAVY Michel
372;POMMIER Paulette
373;CHARREYRON Laurent
374;VINCENT Daniel H.
375;WORMS Jean-Pierre
376;PHLIPPONNEAU Michel
377;QUÉRÉ Louis
378;MARTEL Philippe
379;LE GALL Gérard
380;DAVIDSON Franck P.
381;BECHMANN Roland
382;RAGON Michel
383;RAND CORPORATION
384;ZLOTOWSKI Fidel
385;DONNEAUD Jacques
386;PURCHA Mieczyslaw
387;PANERO Robert
388;VERDET Anne
389;SCHWAB Laurent
390;INGLEHART Ronald
391;BRUCKMANN Gerhart
392;BECK Paul W.
393;GESLIN SMALL Michèle
394;BANDT Charles de
395;BERTHELOT Yves
396;BOHY Marcel
397;COLOMBO Umberto
398;GUÉDON Jean-Claude
399;DUNCAN William
400;HÉRAUD Jean-Alain
401;LEDOUX Marc-Jacques
402;TROFIMOFF Constantin
403;TEELING-SMITH Georges
404;SPITZ Pierre
405;ROCARD Michel
406;BODIGUEL Maryvonne
407;SABER Ibrahim R.
408;BLANCHARD Francis
409;FORSÉ Michel
410;HOLTZ Uwe
411;'CRÉDOC (Centre de recherche pour l''étude et l''observation des conditions de vie)'
412;JAOUI Hubert
413;DONATI Pierpaolo
414;RICHET Vincent
415;LORENZI Jean-Hervé
416;CHAVANES Georges
417;COIFFET Philippe
418;LASFARGUES Yves
419;LASFARGUE Yves
420;VOISIN Wcévolode
421;PARDO Pierre
422;PASSEMARD Jean-Robert
423;MARGRAIN Pierre
424;COURTOT François
425;VOISARD Jacques
426;JEANDON Paul
427;ZARADER Robert
428;MÉTAYER Gérard
429;EKSL René
430;CURIEN Nicolas
431;PÉRIN Pascal
432;EUVRARD Françoise
433;HERBERICHS Gérard
434;GUILLOTIN Yves
435;MARTIN Gérard
436;YASHIRO Naohiro
437;BOUDAHRAIN Abdellah
438;DARAN Michelle
439;DONDOUX Jacques
440;CALOT Gérard
441;ROUSSEL Louis
442;PAILLAT Paul
443;BOURGEOIS-PICHAT Jean
444;GOMANE Jean-Pierre
445;PANG Yongjie
446;TAO Ren
447;ROBERTS Keith
448;MIHAIES Georges
449;NOUKI Takao
450;PELISSOLO Jean-Claude
451;ORFEUIL Jean-Pierre
452;SÉSAME-DATAR
453;HÉRAN Frédéric
454;LLERENA Patrick
455;WILLINGER Marc
456;AGLIETTA Michel
457;OUDIZ Gilles
458;BRENDER Anton
459;LAFAY Gérard
460;BOYER Roger
461;MISTRAL Jacques
462;DOURILLE-FEER Évelyne
463;COMÉLIAU Christian
464;COHEN Daniel
465;CHARPIN Jean-Michel
466;HÉRITIER Pierre
467;VENTURINI Patrick
468;VILAREM Pierre
469;ANCELIN Claire
470;DUCOS Gilbert
471;GENSOLLEN Michel
472;COURBIS Raymond
473;SIGNORA André
474;ADER Emmanuel
475;BOUVIER Michel
476;OLIVIER Marcel
477;BUIGUES Pierre-André
478;TASSEL Jacques
479;GENET Alain
480;KLIPFEL Henry
481;RIVELINE Claude
482;BIT (Bureau international du travail)
483;BUREAU INTERNATIONAL DU TRAVAIL
484;ANKERL Guy
485;BAYEN Marcel
486;STEMMELEN Éric
487;BOULLIER Dominique
488;HIROSHI Iwai
489;CLAVEL Gilbert
490;ROY Caroline
491;HUCHET Isabelle
492;GINNEKEN Wouter van
493;AMADE Patrice
494;PEARCE David
495;ANTOINE Jacques
496;CHERKI Eddy
497;CLAVAUD Richard
498;MALSOT Jean
499;PISANI Edgard
500;DE DIETRICH Philippe
501;EUZÉBY Chantal
502;COLLECTIF
503;GROUPE TRAVAIL ET SOCIÉTÉ
504;DIRN Louis
505;PROTARD Olivier
506;RAY George F.
507;MARTIN Philippe
508;GLAZER Nathan
509;LE DIBERDER Alain
510;MAÏSSEU André
511;LE MUET Jacques
512;HESSEL Stéphane
513;NERFIN Marc
514;UNGERER Herbert
515;KUENSTLER Peter
516;MAGNAVAL Robert
517;BENOIT-GUILBOT Odile
518;BOUNFOUR Ahmed
519;DELORS Jacques
520;BERTIER Étienne
521;DAMIEN Arnaud
522;TABAH Léon
523;KODJO Edem
524;MÉALLIER André
525;KHADER Bichara
526;LANDIER Hubert
527;ALTER Norbert
528;RATIER-COUTROT Laurence
529;GUILLEMARD Anne-Marie
530;KARASEK I.
531;MARTINAGGI P.
532;BORKOWSKI Jean-Louis
533;CANCEILL Geneviève
534;COLVEZ Alain
535;MIZRAHI Andrée
536;MIZRAHI Arié
537;MENNESSIER Denis
538;SEBAG-LANOE Andrée
539;AVEROUS Christian
540;AVIAM Alexandre
541;POUTREL Jean-Marie
542;BURNS David
543;LALONDE Brice
544;FIETKAU Hans-Joachim
545;CORNELIUS Peter
546;MALUNAT Berndt Michael
547;MAYER-TASH Peter
548;WEBER Beate
549;BOMBARD Alain
550;ELKINGTON John
551;VOGE Jean
552;SOUPIZET Jean-François
553;DUQUESNE Jean
554;CROZIER Michel
555;SÉRIEYX Hervé
556;DURAND Thomas
557;LECOIN Jean-Pierre
558;PIGANIOL Pierre
559;EUZÉBY Alain
560;PERRIN Guy
561;MOUTON Pierre
562;LAURENT André
563;LYNES Tony
564;SAINT-JOURS Yves
565;FRANSMAN Léo
566;DURAN HERAS Almudena
567;GONZALEZ-SANCHO LOPEZ Emilio
568;IGL Gerhard
569;DUMONT Jean-Pierre
570;GRANRUT Charles (du)
571;ROSNAY Joël (de)
572;MIZRAHI Jean
573;BLANC Yves
574;CLERC Denis
575;GIROIRE Jacques
576;GASPARD Michel
577;LECAUCHOIS Jean
578;THOENIG Jean-Claude
579;BEST Fred J.
580;GREEN David
581;FREEMAN Christopher
582;GERSHUNY Jonathan
583;ALSTON Jon P.
584;AMARA Roy
585;BOGART Leo
586;FAST-CEE
587;MOUSLI Marc
588;LONGMANN Philipp
589;BONNAFÉ Dominique
590;BOITEUX Marcel
591;WACK Pierre
592;JALLADE Jean-Pierre
593;FESTY Patrick
594;WELLS Herbert George
595;BERGER Gaston
596;DRANCOURT Michel
597;BURCKLEN Jean-Philippe
598;KAPLAN Marie-Christiane
599;MILANO Serge
600;FEILLET Pierre
601;PRÉEL Bernard
602;ENGLISH Maurice
603;NAHON Georges
604;SEDDON Joanna
605;LANVIN Bruno
606;MACAROV David
607;GRAS Alain
608;GIRAUD Pierre-Noël
609;LAUNOIS Robert
610;CHARPY Christian
611;BEAUPERE Jacques
612;IGLESIAS Enrique
613;GURVIEZ Jean-Joël
614;VAN PARIJS Philippe
615;PFLIEGER Sylvie
616;PADIOLEAU Jean-Gustave
617;GUILLOU Bernard
618;CARSALADE Yves
619;SAUVAGE Patrice
620;HOUILLON Michel
621;WHEELER Joseph
622;ATLAN Henri
623;KANARI Fumio
624;PALLE Sébastien
625;CHERKAOUI Abdelmalek
626;GALLAND Olivier
627;EIZNER Nicole
628;LÉGARÉ Jacques
629;MARCIL-GRATTON Nicole
630;ÉCALLE François
631;BELLOY Valérie de
632;MOSKOS Charles C.
633;BOENE Bernard
634;DUMONT Luc
635;ROUSTANG Guy
636;DATA RESOURCES INC.
637;NIHON KEIZAI SHIMBUN
638;DEBARLE Aude
639;PERCHE Gaston
640;THAPAR Romesh
641;DARMON Dominique
642;MAZAS Catherine
643;SANTINI Jean-Jacques
644;ROBERT Jean
645;CLARKE Robert
646;CHENG Hang Sheng
647;GALVAIRE Marie-Laure
648;BELLOC Bernard
649;KLAUDER Wolfgang
650;MILLER Morris
651;FRAGNIÈRE Gabriel
652;IPECODE
653;BEAU Jean-Louis
654;SIROËN Jean-Marc
655;SUPIOT Claudine
656;HATEM Fabrice
657;DRUCKER Peter
658;LÉVY Hélène
659;COMOLET Arnaud
660;PLATT John
661;OMS (Organisation mondiale de la santé)
662;ALBA Paul
663;BOUCHE Michel
664;PLAUCHU Vincent
665;RETOUR Didier
666;DE BRABANDERE Luc
667;BOISANGER Pierre de
668;LI Poxi
669;WANG Huijiong
670;COLLETTE Jean-Michel
671;Drouin Pierre
672;BELL Daniel
673;GRIGNON Michel
674;LENOIR René
675;VAUDOUR-FAGUET Bernard
676;GARCIN Thierry
677;MARTIN Jean-Marie
678;LUSSATO Bruno
679;RIBOUD Antoine
680;GAULT Michel
681;DUMONT René
682;PASSERON Hervé
683;Bourcier de Carbon Philippe
684;SCHMÉDER Geneviève
685;BAQUIAST Jean-Paul
686;GUITTON Henri
687;RAGU Denise
688;SCHNEIDER Bertrand
689;MAHONEY Thomas H.D.
690;JONES James R.
691;DESCHAMPS Louis
692;KLEBANER Patrick
693;OFFREDI Claudine
694;GRELL Paul
695;BROUCKER Patrice de
696;CAMPBELL John
697;GAHR STORE Jonas
698;REUTER Edzard
699;HERZOG Colette
700;UNAL Deniz
701;JAPON ÉCONOMIE
702;CHASSARD Yves
703;CONCIALDI Pierre
704;LATTRE Anne de
705;GADREY Jean
706;CERTAINES Jacques de
707;RONOT Xavier
708;MERLIN Albert
709;BERNARD Jean
710;ARRHENIUS Svante
711;PARKER Édouard
712;MITTERRAND François
713;HUBERT Patrick
714;FOURASTIÉ Jacqueline
715;FOURASTIÉ Jean
716;PARIBAS
717;CARACA Joao
718;BATTIAU Michel
719;FAUCHARD Liam
720;RAMADE François
721;BRAUN Hélène
722;VIGNERON Jacques
723;RAMAIN Patrice
724;RUELLAN Rolande
725;TOKAI BANK
726;TAZIEFF Haroun
727;GAULLIER Xavier
728;GIGET Marc
729;KAELBLE Hartmut
730;GABAS Jean-Jacques
731;COREA Gamani
732;OLLIVIER Bernard
733;BRESSON Yoland
734;ORGOGOZO Isabelle
735;BEN JELLOUN Tahar
736;MURS
737;DEVELLE Michel
738;GABARAIN Éléonore
739;DINAND Jean-Michel
740;VERMOT-DESROCHES Bernard
741;BELLIN Sylvie
742;VILLAIN Rachel
743;CHAPUY Pierre
744;LOUINEAU Yves
745;MIRENOWICZ Philippe
746;BÉNEY Guy
747;MOLINA Stefano
748;ROUMANS Guido
749;WATTELAR Christine
750;QUINET Émile
751;REYNAUD Christian
752;PARIENTI Raoul
753;FRYBOURG Michel
754;SOULAS Claude
755;BIEBER Alain
756;LASSERRE René
757;PARÉ Claude
758;GOUNTIONTOV Pavel
759;MARCHAND Olivier
760;CORNILLEAU Gérard
761;MARIONI Pierre
762;ROGUET Brigitte
763;SOWELS Nicolas
764;DUTAILLY Jean-Claude
765;LONE Salim
766;CROSNIER Marie-Agnès
767;TENZER Nicolas
768;CALVI Gabriele
769;IWAO Nakatani
770;ARNAUD Gilles
771;LEPRINCE Frédérique
772;WATANABE Toshio
773;SEIBEL Claude
774;BONNET Marc
775;WEILL Michel
776;LOINGER Guy 
777;MOREAU DEFARGES Philippe 
;
778;MÉRAUD Jacques
779;LECOMTE Jacques
780;MOREL Bernard
781;ZIMMERMANN Jean-Benoît
782;GAUDEMAR Jean-Paul de
783;GENTRIC Bernard
784;Leclerc Patrice
785;DOMENACH Jean-Luc
786;PRESSAT Roland
787;LERIDON Henri
788;NAOURI Aldo
789;TANAKA Kazuto
790;COMMAILLE Jacques
791;BÉLORGEY Jean-Michel
792;BERQUE Jacques
793;ROCHAS Michel
794;SERVOISE René
795;DANY Françoise
796;LIVIAN Yves-Frédéric
797;MASSICOTTE Guy
798;BARRAQUÉ Bernard
799;ROBINE Jean-Marie
800;DEIMEZIS Nikitas
801;GHORRA-GOBIN Cynthia
802;BÉRIOT Louis
803;PESSIS-PASTERNAK Guitta
804;CHESNAIS Jean-Claude
805;ZALESKI Eugène
806;RALPH MacNULTY Christine A.
807;CHRISTIE Ian
808;PIORUNSKI Richard
809;Malpede Diana
810;FOUQUIN Michel
811;LEGENDRE Bernard
812;BOLLE DE BAL Marcel
813;MABILLE Xavier
814;LUTZ Christian
815;MERQUIOR José Guilherme
816;JAGUARIBE Hélio
817;VASCONCELOS Luis
818;BOUYER Jacques
819;LORENTZ Francis
820;HUMBERT Marc
821;VINCENT Brigitte
822;ARELLANO Rolando
823;GASSE Yvon
824;VERNA Gérard
825;DELCOURT Jacques
826;TADDEI Dominique
827;SÉGUÉLA Jacques
828;BOULIN Jean-Yves
829;PÉTRIAT Jean-Louis
830;ANXO Dominique
831;PLASMAN Robert
832;BOSCH Gerhard
833;BLYTON Paul
834;HIPPO Yasuyuki
835;ROSENBERG Sam
836;TREMBLAY Diane Gabrielle
837;SAVOINI Carlo
838;LALLEMENT Michel
839;DUMAZEDIER Joffre
840;KAYSER Bernard
841;MAIGNAN Georges
842;VALLAT François
843;VILLIERS Jacques
844;BERTRAND Olivier
845;EMMERIJ Louis
846;FEUER Guy
847;FOSSI Giulio
848;HUGON Philippe
849;WALL Tim
850;BARBER Benjamin R.
851;SAINTENY Guillaume
852;STÉFANICA Jean-Grégoire
853;REDAY-MULVEY Geneviève
854;POSTEL-VINAY André
855;GIRI Jacques
856;MICHEL Alain
857;BRUNHES Bernard
858;BARTHÉLÉMY Jacques
859;CETTE Gilbert
860;COMBIER Jérôme
861;CUNEO Philippe
862;CAZES Gilles
863;CHARVET Jean-Paul
864;COULOMB Pierre
865;DELORME Hélène
866;PADILLA Martine
867;TRINE Jacques-André
868;HART Albert
869;NORTHCOTT Jim
870;DE FILIPPIS Vittorio
871;ELETA Roxana
872;HÉRON Antoine
873;LAURÉ Maurice
874;SCHWARTZ Peter
875;FOURMANN Emmanuel
876;LOMBARD Laurence
877;TRESMONTANT Raphaël
878;ROCHEFORT Robert
879;HANCOCK David
880;THOMAS Olivier
881;DANIEL Jean-Pierre
882;ROUSSEL Véronique
883;SALAIS Jacques
884;MAILLARD Didier
885;NADEL Henri
886;WYSS Hans
887;OULD AOUDIA Jacques
888;ARTHUIS Jean
889;NIVAT Dominique
890;PAQUIER Olivier
891;MORIN Jean-Pierre
892;CHEYSSON Claude
893;Riffault Hélène
894;PORTNOFF André-Yves
895;POURSIN Jean-Marie
896;RICHÉ Philippe
897;FISCH Jean-Marie
898;RIPOLL René-François
899;KOPP Pierre
900;LABROUSSE Alain
901;SALAMA Pierre
902;KOZEL Nicholas
903;LAMBERT Elizabeth
904;EHRENBERG Alain
905;OGIEN Albert
906;TRAUTMANN Catherine
907;NADELMANN Ethan
908;GAUTIÉ Jérôme
909;RAUX Jean-François
910;SCHOETTL Jean-Marc
911;SEURAT Richard
912;REYNAUD Emmanuel
913;QUINET Alain
914;TIEN DUC Nguyen
915;KOSTOPOULOU Maria
916;CRIQUI Patrick
917;APPERT Olivier
918;CUSSAGUET Pierre-Marie
919;DESSUS Benjamin
920;BONDUELLE Antoine
921;RADANNE Pierre
922;MOISAN François
923;NADAI Alain
924;MARTIN Yves
925;ZAGAMÉ Paul
926;LALLEMENT Rémi
927;PICHT Robert
928;MATHEWS Georges
929;FLICHY Patrice
930;DALLOZ Xavier
931;MOORE Matthew
932;BRESSAND Albert
933;DISTLER Catherine
934;TRICHET Jean-Claude
935;PADOA-SCHIOPPA Tommaso
936;RICHARD Pierre
937;CARPENTIER Pierre-André
938;GOUX-BAUDIMENT Fabienne
939;LÉVY Michel Louis
940;KAISERGRUBER Danielle
941;COATES Joseph
942;CDU-CSU
943;BONNAURE Pierre
944;GÉLINIER Octave
945;BÉCHU Nathalie
946;CHEVALLIER Éric
947;HASSOUN Judith
948;KADDAR Miloud
949;POMMIER Jeanine
950;SERVOISE Olivier
951;LEHNDORFF Steffen
952;HEDDEBAUT Odile
953;JOIGNAUX Guy
954;BICHOT Jacques
955;EUROSTAT
956;ESTIENNE Jean-François
957;GROUPE DE RECHERCHES PROSPECTIVES BRETON
958;DIDIER Michel
959;DUCATTE Jean-Claude
960;FOUCAULD Jean-Baptiste (de)
961;BOGAERT Henri
962;FITOUSSI Jean-Paul
963;STARK Hans
964;SEGHIN Achille
965;DE JONG André
966;GELAUFF George
967;GEURTS Ben
968;ZALM Gerrit
969;GARELLI Stéphane
970;LINARD de GUERTECHIN Madeleine
971;ALLAIS François
972;GRAEFF Christian
973;LACAZE Jean-Paul
974;BÉHAR Pierre
975;ARVAL
976;TCHERNIA Jean-François
977;BRÉCHON Pierre
978;LAMBERT Yves
979;LEMEL Yannick
980;Schweisguth Étienne
981;CHAUVEL Louis
982;SCHNEIDER-BUNNER Claude
983;MEULEN Ruud H.J. ter
984;KRUGMAN Paul
985;CHORFA Abdelhamid
986;STASI Bernard
987;OUDGHIRI Rémy
988;DUCEL Georges
989;BÉRAUD Claude
990;BENASSOULI Paul
991;MONTI Régine
992;Hayez Philippe
993;BÉNARD André
994;VERGER Daniel
995;DAUCHOT Michel
996;OTTAVI Alain
997;TUCHSZIRER Carole
998;DUVAL Eugène-Jean
999;HAMMOUDA Nacer-Eddine
1000;BUI TRONG Lucienne
1001;CARON Gérard
1002;FRIEDBERG Erhard
1003;SEVILLIA Jean
1004;PINTO Diana
1005;AUBREY Bob
1006;PAYSANT Michel
1007;TOURAINE Marisol
1008;BOURDEAU Luc
1009;'CJD (Centre des jeunes dirigeants d''entreprise)'
1010;DOBIAS Georges
1011;BÉRARD Jean-Michel
1012;VEXIAU Thierry
1013;MAILLARD Guy
1014;OKUBO Yoshiko
1015;SALOMON Jean-Jacques
1016;PENLEY Alexandre
1017;BONNY Sylvie
1018;BINDÉ Jérôme
1019;JÉGOU François
1020;FABRY Elvire
1021;GUIGOU Jean-Louis
1022;PERRINEAU Pascal
1023;BOUCHARD Julie
1024;FAVIER Jean
1025;COVA Bernard
1026;LEBRUN Chantal
1027;ÉLIE Michel
1028;BENSIDOUN Isabelle
1029;CHEVALLIER Agnès
1030;TRIBALAT Michèle
1031;BERTRAND Jacky
1032;BOUISSOU Jean-Marie
1033;SUZUKI Shigenobu
1034;SEIZELET Éric
1035;SADRIA Modjtaba
1036;YATABE Kazuhiko
1037;FAURE Guy
1038;MAYAUDON Pierre
1039;EYRAUD Henri
1040;JOYAUX François
1041;LAÏDI Zaki
1042;SARDON Jean-Paul
1043;PAPON Pierre
1044;HATCHUEL Georges
1045;LOISEL Jean-Pierre
1046;BODIN-RODIER Dominique
1047;MUNIER Francis
1048;NANOPOULOS Kostas
1049;CHESTERTON Gilbert Keith
1050;BORREDON Alain
1051;VANSSAY Bernadette (de)
1052;MAINCENT Emmanuelle
1053;MULDUR Ugur
1054;MER Francis
1055;MARQUIÉ Sophie
1056;GUSMÃO Regina
1057;KAHN Axel
1058;RORTY Richard
1059;DACHEUX Éric
1060;THEYS Jacques
1061;BRADSHAW Jonathan
1062;PROBST Jean-Paul
1063;MARTINAND Claude
1064;PALOU Roland
1065;DAGONNEAU Michel
1066;Mély Bernard
1067;PROUTEAU Lionel
1068;COSTE Lucien
1069;NGUYEN Thi My Dung
1070;QUESNE Lionel
1071;VIVIEN Franck-Dominique
1072;LIBAERT Thierry
1073;GAILLARD Jacques
1074;MASTERS Roger D.
1075;Boisseau du Rocher Sophie
1076;SIMON Jean-christophe
1077;Spector Thérèse
1078;BRAT Éric
1079;COLLOMBEL Philippe
1080;GATIGNOL Laurent
1081;BANETH Jean
1082;RIBAULT Thierry
1083;RAILLON François
1084;DEBRUYNE Stéphanie
1085;MARCILHACY Dominique
1086;MARÉCHAL Jean-Paul
1087;BENBLIDIA Mohamed
1088;MARGAT Jean
1089;VALLÉE Domitille
1090;Kovacshazy Marie-Christine
1091;COLLERIE DE BORELY Aude
1092;COOMANS Géry
1093;DONNADIEU Gérard
1094;CHESNEAUX Jean
1095;OHNET Jean-Marc
1096;BAILLY Jean-Paul
1097;PAILLOTIN Guy
1098;WIERINK Marie
1099;EVANS John
1100;MARIANA Pascal
1101;GAUTHIER Jean-Pierre
1102;SAVEL Stéphanie
1103;LEFEVRE Gilbert 
1104;SILVERA Rachel
1105;DEGROOTE Laurent
1106;ANDCP
1107;LÖPPÖNEN Paavo
1108;VANNE Reijo
1109;ASCHER François
1110;BOY Daniel
1111;DION Albert (de)
1112;PASSY Alexandre
1113;VIGNON André
1114;WATKINS Jr. John Elfreth
1115;SCHMIDT Christian
1116;Engel Ralf
1117;GODINOT Xavier
1118;CATINAT Michel
1119;BRENOT-OULDALI Annie
1120;ROCHÉ Jacques
1121;LAUBACHER Robert J.
1122;MALONE Thomas W.
1123;Lazar Gilbert
1124;GÉRARDIN Arnaud
1125;LIST Friedrich
1126;TAMBURINI Giovanni
1127;BÉLAND Daniel
1128;LANCEREAU Thomas
1129;NEUMANN John von
1130;HESPEL Véronique
1131;THIERRY Michel
1132;DONNAT Olivier
1133;CHOUCHAN Dominique
1134;BERTRAND Gilles
1135;MICHALSKI Anna
1136;PENCH Lucio R.
1137;HUMEUR Venceslas
1138;BEAUD Michel
1139;ARRONDEL Luc
1140;MASSON André
1141;BATISSE Michel
1142;BUI DANG HA DOAN
1143;BELLIARD Octave
1144;TOUTAIN Stéphanie
1145;THÉBAULT Jean-Claude
1146;HASSNER Pierre
1147;FAUCHEUX Sylvie
1148;BOURRELIER Paul-Henri
1149;EBERSTADT Nicholas
1150;CREST Arnaud (du)
1151;GUIHÉNEUF Claire
1152;GUILBAUDEAU Catherine
;
1153;DAVID Gabriel
1154;MICHAUX François
1155;ASSOCIATION FUTUROUEST
1156;SKOLNIKOFF Eugene B.
1157;MIMA Silvana
1158;VIGUIER Laurent
1159;BYÉ Pascal
1160;BAUD Jacques
1161;MARCHAND Jérôme
1162;SMITH Tom W.
1163;FARANDJIS Stélio
1164;VIDAL Florence
1165;KAIL Michel
1166;VATIN François
1167;FERRIOT Dominique
1168;GOURARIER Zeev
1169;MAKARIOU Sophie
1170;MERCIER Jean-Pierre
1171;PRADO Patrick
1172;ANTOINE-PAILLE Marie-Thérèse
1173;DRÉAN Gérard
1174;RACINE Jean-Luc
1175;BERTONCINI Yves
1176;DREVET Jean-François
1177;CHAMPION Françoise
1178;MICHELAT Guy
1179;WILLAIME Jean-Paul
1180;JONCHERAY Jean
1181;BARTHOLIN Chantal
1182;GAUCHET Marcel
1183;HERVIEU-LÉGER Danièle
1184;DELANNOY Benjamin
1185;KEPEL Gilles
1186;DELAMARRE Manuel
1187;VAÏSSE Justin
1188;GONOD Pierre
1189;FRECON Eric
1190;MALINVAUD Edmond
1191;TEULON Frédéric
1192;KESLASSY Éric
1193;ROUBAN Luc
1194;BLANC Gérard
1195;Majster Nathanaël
1196;ANONYME
1197;VANDELAC Louise
1198;HUTCHINSON Martin
1199;ALFONSI Laurence
1200;WALLISER Bernard
1201;MORGAN Nicole
1202;CANNAC Yves
1203;MATHESON Richard
1204;TESTARD Jacques
1205;VERNE Jules
1206;SAUSSOIS Jean-Michel
1207;THÉLOT Claude
1208;Ribolzi Luisa
1209;CROS Françoise
1210;VANISCOTTE Francine
1211;BOSSERELLE Éric
1212;LAJUDIE Benoît
1213;Gollain Vincent
1214;BOUCHERAT Jean-Claude
1215;MODIANO Laurent
1216;JUSTEAU Stéphane
1217;NIQUE Christian
1218;HUTMACHER Walo
1219;GUIHENEUF Pierre-Yves
1220;LACOMBE Philippe
1221;Afriat Christine
1222;ARMAND Louis
1223;FERGUSON Niall
1224;HUE Christelle
1225;PETIT Olivier
1226;DAMON Julien
1227;ROCHÉ Sebastian
1228;TOURNYOL DU CLOS Lorraine
1229;IVALDI Gilles
1230;TOURNIER Vincent
1231;BÈGUE Laurent
1232;MILBURN Philip
1233;Manifeste
1234;LEWIS Bernard
1235;VARET Jacques
1236;AURÉGAN Pascal
1237;JOFFRE Patrick
1238;CHEVALIER Jean-Marie
1239;SAAB Assaad
1240;HERPIN Nicolas
1241;LAVOUX Thierry
1242;COLIN Jean-Paul
1243;FEYNMAN Richard
1244;HERM Anne
1245;POULAIN Michel
1246;ZAMORA LOPEZ Francisco
1247;HELLER Jean-Luc
1248;LEMAÎTRE Georges
1249;GAUDEMET Yves
1250;MEAD Walter Russel
1251;DEZHINA Irina
1252;GRAHAM Loren
1253;HUGO Victor
1254;VIRIOT DURANDAL Jean-Philippe
1255;BLOUET André
1256;PERVANCHON Frank
1257;PERVANCHON Maryse
1258;PARKER FOLLETT Mary
1259;MASSEY Douglas S.
1260;ALBA Richard
1261;MONTES Jérôme
1262;CHENU Alain
1263;ROBINSON John P.
1264;SUZUKI Hiromasa
1265;DELALANDE Philippe
1266;PÉAN Marie-José
1267;GUIDEZ Jean-Marie
1268;NOTAT Nicole
1269;GRÉGOIRE Patrice
1270;MUSSO Pierre
1271;NAÍM Moisés
1272;COMMISSION FRANÇAISE DU DEVELOPPEMENT DURABLE
1273;ALVERGNE Christel
1274;BELY Jacques
1275;LAISNEY Céline
1276;LAMBLIN Véronique
1277;PINTON Michel
1278;LAMBALLE Alain
1279;RICHOU Saphia
1280;CHASTELAND Jean-Claude
1281;SOULÉ Christophe
1282;BOUCHACOURT Daniel
1283;POCHARD Marcel
1284;ADOUE Cyril
1285;ANSART Arnaud
1286;HERVIEU Bertrand
1287;JOLY Pierre-Benoit
1288;BERGERON Alain
1289;TREMBLAY Hélène P.
1290;LOCKE John
1291;BÉNICHOU Grégory
1292;NEYRAUT Michel
1293;FATOUX François
1294;TIBERGHIEN Frédéric
1295;HÉRAULT Bruno
1296;BEAUCHAMP Gorman
1297;CHOPPLET Marc
1298;THOMAS Daniel
1299;DAVEZIES Laurent
1300;'IRIBARNE Philippe (d'')'
1301;JAN Michel
1302;PERELMAN Rémi
1303;CASTEL Viviane (du)
1304;BERTHET Diane
1305;TERNISIEN Michel
1306;BOURG Dominique
1307;ARTUS Patrick
1308;VILLEMEUR Alain
1309;PERRIER-CORNET Philippe
1310;MAREUGE Céline
1311;KAHN Herman
1312;DELANGHE Henri
1313;DUCHENE Vincent
1314;PAILLARD Sandrine
1315;AILLERET François
1316;COLSON Aurélien
1317;TESTART Jacques
1318;BOURDILLON Jacques
1319;ORIVEL Estelle
1320;CHAPONNIÈRE Jean-Raphaël
1321;MAUGARD Alain
1322;QUÉNARD Daniel
1323;VISIER Jean-Christophe
1324;STOJAK Lucy
1325;DELCROIX Geoffrey
1326;SICARD Sophie
1327;CORM Mounir
1328;JEVONS William Stanley
1329;PARADEISE Catherine
1330;BECK Ulrich
1331;BADRÉ Bertrand
1332;CAMDESSUS Michel
1333;CHÉRET Ivan
1334;MAURIN Louis
1335;ASIMOV Isaac
1336;CARTON Benjamin
1337;LACOSTE Olivier
1338;VIRCOULON Thierry
1339;FRIEDMAN Benjamin
1340;ISRAËL Michel
1341;CAZES Georgette
1342;RUET Joël
1343;ALLEMAND Frédéric
1344;PISANI-FERRY Jean
1345;JOUEN Marjorie
1346;CARAYON Bernard
1347;PAHAUT Serge
1348;PALMA André (de)
1349;SHREEVE Jamie
1350;SINÉ Alexandre
1351;BUCLET Nicolas
1352;COLLET Benoît
1353;WINNEN Éric
1354;DELPEUCH Francis
1355;LE BIHAN Geneviève
1356;MAIRE Bernard
1357;DELGOULET Catherine
1358;MILLANVOYE Michel
1359;VOLKOFF Serge
1360;LOBJEOIS Gérard
1361;LAHERRÈRE Jean
1362;CARRÉ Frank
1363;PETIT Jean-Claude
1364;BAL Jean-Louis
1365;CHABOT Bernard
1366;DURANCE Philippe
1367;MARTINEZ Michel
1368;BOISTARD Pierre
1369;VINATIER Laurent
1370;BEER Anne (de)
1371;FOUGIER Eddy
1372;DRON Dominique
1373;THERY Jean-François
1374;ROUX Guillaume
1375;SARFATI Hedva
1376;VIARD Jean
1377;DODET Michel
1378;STEINMETZ Charles P.
1379;BENOIT Guillaume
1380;ABIS Sébastien
1381;BERTHELOT Marcelin
1382;SÉDOV Léonid
1383;VICHNEVSKI Anatoli
1384;LESTIENNE Rémy
1385;BOILLOT Jean-Joseph
1386;AIT-KACI Ahmed
1387;CHIRACHE Sylvère
1388;SAUVAGEOT Claude
1389;GANDOSSI Pierre
1390;BASTIAT Frédéric
1391;HASSID Olivier
1392;ERKMAN Suren
1393;FAN Xiaohong
1394;FUTURIBLES
1395;BOURGEOIS Lucien
1396;BAUQUIS Pierre-René
1397;PIGNARRE Philippe
1398;ROY Claude
1399;LAURENT Marie-Hélène
1400;RECROSIO Nelly
1401;BRUN Isabelle
1402;PACINI Vincent
1403;BULEON Pascal
1404;HUET Agnès
1405;BOUTAUD Aurélien
1406;TOUATI Kamel
1407;BELLON Bertrand
1408;SIWEK Patricia
1409;SOUDOPLATOFF Serge
1410;JOUVENEL François (de)
1411;SALL Alioune
1412;CHEN Yan
1413;MAYER Jean-François
1414;CHARILLON Frédéric
1415;ZABBAL François
1416;ÉTIENNE Bruno
1417;CORM Georges
1418;BRAUDEL Fernand
1419;GUCHTENEIRE Paul (de)
1420;PÉCOUD Antoine
1421;KEHM Barbara M.
1422;LARSEN Kurt
1423;VINCENT-LANCRIN Stéphan
1424;BLANC Isabelle
1425;CORBIERE-NICOLLIER Tourane
1426;PIGUET Frédéric-Paul
1427;VIMONT Claude
1428;BOUCHACOURT Laurent
1429;TREYER Sébastien
1430;DARCET Jean
1431;DEMONQUE Marcel
1432;BENSEBAA Faouzi
1433;GEIST Anna
1434;KIEFER Anna
1435;LINDGREN Mats
1436;LEAPE Jonathan
1437;GRARE Frédéric
1438;SAINT-MÉZARD Isabelle
1439;BLANC Pierre
1440;VACHERON André
1441;BIGOT Bernard
1442;HAIGNERÉ Claudie
1443;HUMBERT Philippe
1444;PIGUET Étienne
1445;BADEY-ANDRÉ Marie
1446;SAINT SALVY Anne-François (de)
1447;FEN CHONG Stéphanie
1448;WEIL Thierry
1449;FLORIN Denis
1450;TEMIME Florian
1451;FAIVRE Didier
1452;BOISMENU Isabelle (de)
1453;DUMONT Gérard-François
1454;GENTIL Bernard
1455;THIERRY Xavier
1456;BAMBERGER Yves
1457;MARCHAND Christophe
1458;REZAKHANLOU Rouzbeh
1459;MORIN Edgar
1460;ZOBRIST Jean-François
1461;RICARD-NIHOUL Gaëtane
1462;ROGEAUX Bernard
1463;LACROIX Denis
1464;PAILLARD Michel
1465;FRAGNIÈRE Augustin
1466;MIKAÏL Barah
1467;LEFRESNE Florence
1468;CORDOBES Stéphane
1469;CUSSET Pierre-Yves
1470;HIRSCHLER Jean
1471;LA MAISONNEUVE Éric (de) 
1472;HUET Jean-Michel
1473;ROMDHANE Mouna
1474;TCHENG Henri
1475;VIENNOIS Isabelle
1476;ABBAS Mehdi
1477;MAUJEAN Sébastien
1478;JANY-CATRICE Florence
1479;ZOTTI Rabih
1480;DAVOINE Lucie
1481;MÉDA Dominique
1482;BIENAYMÉ Alain
1483;DUFUMIER Marc
1484;TILLIE Antoine
1485;BARBIER Jean-Claude
1486;CARNIS Laurent
1487;PRÉVOST Cédric
1488;VAUBAN
1489;COLLOMB Gérard
1490;MANGIN David
1491;REICHEN Bernard
1492;HOOGE Émile
1493;VANDERMOTTEN Christian
1494;SYLVAIN Arnaud
1495;LEPRINCE Emmanuel
1496;VAL Jean-Claude
1497;OSBORN Fairfield Jr Henry
1498;PERTHUIS Christian (de) 
1499;NARDONE Jessica
1500;EVEN Marie-Aude et alii
1501;ÉTIENNE Jean
1502;MARTIN-AMOUROUX Jean-Marie
1503;MÉNANT Guy
1504;FRÉMONT Antoine
1505;BARON Catherine
1506;CUSIN François
1507;SUKUP Viktor
1508;DAVID Bernard
1509;DELBOSC Anaïs
1510;KARSENTY Alain
1511;COURSON Jacques (de)
1512;LAVILLE Bettina
1513;LE ROY Pierre
1514;SOYEUX Annie
1515;SIMON Nicolas
1516;DAB William
1517;TESTUT Nina
1518;BARZACH Michèle
1519;CHANTEREAU Sylvie
1520;DELFRAISSY Jean-François
1521;MOATTI Jean-Paul
1522;ARNOULD Jacques
1523;'YVOIRE Arnauld (d'')'
1524;BLANCHET Didier
1525;HAMAYON Stéphane
1526;GROSSE François
1527;ELY Stéphane
1528;LACAZE Dominique
1529;COQUET Bruno
1530;TABUTEAU Didier
1531;EL-KHAWAGA Dina
1532;FERRIÉ Jean-Noël
1533;NIVET Bastien
1534;BOURGET Bernard
1535;BUREAU Jean-Christophe
1536;ROBITAILLE Michèle
1537;ROUDART Laurence
1538;JAMET Jean-Paul
1539;DUBARLE Dominique
1540;AUVERLOT Dominique
1541;BARREAU Blandine
1542;MONTMORILLON Bernard (de)
1543;RAISSON Virginie
1544;ILASCA Constantin
1545;MARSOLLAT Baptiste
1546;DÉSAUNAY Cécile
1547;RAOULT Didier
1548;SEGADE Jean-Paul
1549;BASIER Benoît
1550;LIPPI Frédéric
1551;QUÉNÉHERVÉ Bernard
1552;THOUVENIN Damien
1553;BOUTHEVILLAIN Carine
1554;DUFRÉNOT Gilles
1555;MOREL Pierre
1556;ALEX Bastien
1557;BILLION Didier
1558;CATTIER François
1559;OSSO Dominique
1560;POUROUCHOTTAMIN Prabodh
1561;PHILIBERT Cédric
1562;EL ANDALOUSSI El Habib
1563;THIBAULT Henri-Luc
1564;ACKET Claude
1565;BACHER Pierre
1566;PORTET Fabienne
1567;VERT Julien
1568;LEPAGE Corinne
1569;LORENS Pierre-Jean
1570;VANIER Martin
1571;FOUQUET Yves
1572;MAJCEN Spela
1573;ROSSETTI DI VALDALBERO Domenico
1574;SROUR-GANDON Perla
1575;CUSI ECHANIZ Paula
1576;BOUGNOUX Brieuc
1577;MARCOU Jean
1578;MATHIAS Paul 
1579;BASSY Alain-Marie
1580;PUNIE Yves
1581;REDECKER Christine
1582;NOWAK Maria
1583;SEN Amartya
1584;DELACROIX Kroa Acka
1585;HOUPHOUET-BOIGNY Denise
1586;POTTIER Antonin
1587;GOUADAIN Daniel
1588;BLOCH Marc
1589;ARLOFF Arles
1590;COLLOMB Bertrand
1591;MARTY Olivier
1592;VEYRET Yvette
1593;SAWAYA David B.
1594;PRAT Frédéric
1595;KUNTZ Marcel
1596;RICROCH Agnès
1597;LEMAIRE Olivier
1598;MASSON Jean E.
1599;MONEYRON Anne
1600;CHEVASSUS-AU-LOUIS Bernard
1601;LA TAILLE-RIVERO Marthe (de)
1602;KAHANE Bernard
1603;Le BLANC Gilles
1604;BRASSARD Guy
1605;ABOUT Edmond
1606;MOLIN Jean-Loup
1607;AUBERT Francis
1608;LARMAGNAC Caroline
1609;MARCELPOIL Emmanuelle
1610;LEHALLE Evelyne
1611;PINSON Gilles
1612;BALATHIER LANTAGE Hugues (de)
1613;CHABAL Pierre
1614;GHERSI Gérard
1615;RASTOIN Jean-Louis
1616;TALANDIER Magali
1617;BOUVIER Alain
1618;BARTHE Laurence
1619;MILIAN Johan
1620;SIMON Jean-Christophe
1621;PEYTRAL Pierre-Olivier
1622;GUARNIERI Franck
1623;PRZYSWA Éric
1624;CATTAN Nadine
1625;ANDRÉ Michel
1626;WIEL Marc
1627;VIDALENC Éric
1628;EMELIANOFF Cyria
1629;MOR Elsa
1630;HUBER Andreas
1631;GIRARD Sébastien
1632;LE MARRE Pierre
1633;ALLIO Cédric
1634;WAISMAN Henri
1635;BARATIER Jérôme
1636;BEAUVAIS Jean-Marie
1637;MÉTAIS Bénédicte
1638;JOUVET Pierre-André
1639;ESTÈBE Philippe
1640;MABILLE François
1641;PORTIER Philippe
1642;FRÉGOSI Franck
1643;BURDY Jean-Paul
1644;ANGOULVANT Jean-Claude
1645;CHANTEPIE Philippe
1646;LEVEAU Arnaud
1647;COUVREUR Patrick
1648;ASTOR Sandrine
1649;DOMPNIER Nathalie
1650;MAGNI BERTON Raul
1651;BELOT Céline
1652;GUINAUDEAU Isabelle
1653;FRANÇOIS Abel
1654;MORVAN Régis
1655;REY-VALETTE Hélène
1656;DELANOË Olivia
1657;BARON-YELLÈS Nacima
1658;BERNIÉ-BOISSARD Catherine
1659;DEWINTRE Cassandre
1660;ALLET Claude
1661;MOATTI Alexandre
1662;BESNIER Jean-Michel
1663;MARCK Adrien
1664;BERTHELOT Geoffroy
1665;BILLAUD Éric
1666;BOEUF Gilles
1667;MASSON-DELMOTTE Valérie
1668;TOUSSAINT Jean-François
1669;LAMARTINE Alphonse (de)
1670;MOEGLIN Pierre
1671;LATTRE-GASQUET Marie (de)
1672;MATHY Sandrine
1673;MONCOMBLE Jean-Eudes
1674;ROZENBERG Julie
1675;GUIVARCH Céline
1676;SAFIR Nadji
1677;TRIKI Karim
1678;OUDEYER Pierre-Yves
1679;FATTAL Charles
1680;HÉRY Michel
1681;BERTRAND Philippe
1682;KHAYAT André
1683;FINDEISEN Cornelia
1684;FOUCHER Michel
1685;DOUCET Philippe
1686;GOUGUET Jean-Jacques
1687;BROCARD Jean-François
1688;BONIFACE Pascal
1689;POLÈSE Mario
1690;PRAGER Jean-Claude
1691;MEUNIER Laurent
1692;ARNSPERGER Christian
1693;PINET Claire
1694;WOOD Ruth
1695;LAMB William
1696;GRANDJEAN Marguerite
1697;RIFKIN Jeremy
1698;AMAR Georges
1699;BONVALOT Hélène
1700;TREICH Nicolas
1701;LAUTIER Marc
1702;THIS Hervé
1703;BARAUD-SERFATY Isabelle
1704;IRIBARNE Alain (d’)
1705;MAZZUCCHI Nicolas
1706;AUBRY Bernard
1707;CAILLIEZ Vincent
1708;LEVRAULT Frédéric
1709;ARAMA Yannick
1710;GOULARD Françoise
1711;L’HUISSIER Ludovic
1712;SAUQUET Éric
1713;SILVA François
1714;LACAN Arnaud
1715;RAGAIN Gilles
1716;PIASTRA Raphaël
1717;VELTZ Pierre 
1718;VICTOR Jean-Christophe
1719;JOUVENEL Charles (de)
1720;SANTELMANN Paul
1721;ANQUEZ Matthieu
1722;NARDON Laurence
1723;BADIE Bertrand
1724;MOUSSY Hugues
1725;DEMAILLY Damien
1726;CHANCEL Lucas
1727;BRIMONT Laura
1728;DAW Georges
1729;DURAND Martine
1730;EILSTEIN Daniel
1731;POZUELOS Jérôme
1732;MALIER Yves
1733;BOISSONNAT Jean
1734;KLEIN Gérard
1735;RUMPALA Yannick
1736;GENDRON Corinne
1737;AUDET René
1738;DARD Olivier
1739;PORTNOFF Arlette
1740;LEMOINE Stéphanie
1741;DAVID Valérie
1742;GANCILLE Jean-Marc
1743;BARRE Philippe
1744;LÉVY Jean-Pierre 
1745;HAJEK Isabelle
1746;POULIZAC Morgan
1747;MORENO Carlos
1748;PRIGENT Lorène
1749;VIOSSAT Louis-Charles
1750;MAULNY Jean-Pierre
1751;GREGGIO Rodolphe
1752;MAFFÉÏ Benoît
1753;LEHOUCQ Roland
1754;MICHAUD Thomas
1755;ROËLS Corinne
1756;DELEVOYE Jean-Paul
1757;BERGEAUD Antonin
1758;LECAT Rémy
1759;GIRARD Norbert
1760;MARTIN Derek
1761;BLANC Yannick
1762;GRANDJEAN Alain
1763;MARTINI Mireille
1764;THE SHIFT PROJECT
1765;MARTIN Solange 
1766;GASPARD Albane
1767;ARNOUX Gabriel
1768;LEVERT Catherine
1769;DUFEIL Éric
1770;HOTTOIS Gilbert
1771;PORTALIS Jean-Étienne-Marie
1772;CARRÈRE-GÉE Marie-Claire
1773;FISHER Kimberly
1774;MINVIELLE Nicolas
1775;WATHELET Olivier
1776;JULLIEN DE POMMEROL Ombeline
1777;RICHER Martin
1778;VIVERET Patrick
1779;GAUDIN Thierry 
1780;NDIAYE Victor G.
1781;DJOGBENOU Ruben B.
1782;VIEILLEDENT Catherine
1783;LESNARD Laurent
1784;CERVEL Jean-François
1785;TADDEI François
1786;AEBISCHER Patrick
1787;ESCHER Gérard
1788;KOHLER Dorothée
1789;WEISZ Jean-Daniel
1790;CHAPERON Pierre
